s_ID,NAME,class_id,CLASSES,grade
1001,Alice Smith,201,Mathematics,A
1002,Bob Johnson,202,Physics,B
1003,Cathy Brown,203,Biology,A
1004,David Lee,204,Chemistry,C
1005,Eva White,205,History,B
2502,Sebastien Lebrin,1,Math,A
2503,Josie Leblond,2,Physics,A
2504,Carole Blouin,3,Chemistry,A
2505,Cynthia Briand,4,History,A
2506,Jean Ferland,5,Data Structure,A
2507,Arthur Delore,6,Intro to Java,A
2508,Ana Delore,7,Technolie web,A
2509,Ryan Brown,8,Genie Logiciel,A
2510,Leslie Burrows,9,Database,A
